"Reference","Qty","Value","DNP","Exclude from BOM","Exclude from Board","Footprint","Datasheet"
"C1","1","100uF","","","","cap:C_0603_1608Metric","~"
"C2","1","220u","","","","cap:C_0603_1608Metric","~"
"C3","1","100u","","","","cap:C_0603_1608Metric","~"
"D1","1","1N4004","","","","Diode_THT:D_DO-41_SOD81_P10.16mm_Horizontal","http://www.vishay.com/docs/88503/1n4001.pdf"
"D2","1","1N5822","","","","Diode_THT:D_DO-201AD_P15.24mm_Horizontal","http://www.vishay.com/docs/88526/1n5820.pdf"
"D3","1","LED","","","","LED_SMD:LED_0805_2012Metric","~"
"F1","1","Fuse","","","","Fuse:Fuse_0805_2012Metric_Pad1.15x1.40mm_HandSolder","~"
"J1,J2,J3,J4","4","Conn_01x01","","","","Connector_PinHeader_2.54mm:PinHeader_1x01_P2.54mm_Vertical","~"
"L1","1","100u","","","","Inductor_SMD:L_Bourns_SRP1245A","~"
"R1","1","10k Pot","","","","Potentiometer_THT:Potentiometer_Bourns_3296W_Vertical","~"
"R2,R3","2","R","","","","res:R_0603_1608Metric","~"
"U1","1","LM2596S-ADJ","","","","Package_TO_SOT_SMD:TO-263-5_TabPin3","http://www.ti.com/lit/ds/symlink/lm2596.pdf"
